bare	pds-barkpark-reload-wedged-server-deadend
bare	pds-bl-charter-anchors-stale-vs-frozen-blob
bare	pds-bl-cli-budget-window
bare	pds-bl-cond-d-job-blind-false-abort
bare	pds-bl-crown-launch-armed-without-liveness
bare	pds-bl-dedup-unavailable-error-code
bare	pds-bl-deploy-readback-json-envelope
bare	pds-bl-e3-bare-slug-dynamic-derivation
bare	pds-bl-export-wire-bytes-and-vary-after-send-file
bare	pds-bl-failed-build-wipes-rollback-root
bare	pds-bl-floor-env-silent-revert
bare	pds-bl-go-literal-selftest-false-red-macos
bare	pds-bl-import-ddl-deadlock-flake
bare	pds-bl-launcher-assert-scratch-env
bare	pds-bl-migration-amended-in-place-divergence
bare	pds-bl-pds-harness-no-ci
bare	pds-bl-place-directory-install-echoes-transport
bare	pds-bl-recover-lost-park-notes
bare	pds-bl-scratch-teardown-strands-the-survivor
bare	pds-bl-stamp-writeback-reverts-a-stamped-criterion
bare	pds-bl-step6-control-inert-at-sha-parity
bare	pds-bl-step8-cross-invocation-gap
bare	pds-bl-tagregistry-guard-no-rung
bare	pds-bl-tickets-ten-undiagnosed-local-failures
bare	pds-bl-up-seed-remint-crash-after-revoke
bare	pds-bl-wave-paper-slug-collision
bare	pds-w10-instrumented-climb
bare	pds-w12-crown-climb-preconditions
bare	pds-w2-scratch-harness-ci
bare	pds-w23-cold-owner-verb-honesty
bare	pds-w23-harness-liveness-and-registry
bare	pds-w23-success-claim-registry
bare	pds-w6-scratch-env-quoting-trap
bare	task-a0e37c21f73f8e26
open-normalise	pds-b-proof-instrument-control-auto
open-normalise	pds-backlog-bp-dev-pull-verb
open-normalise	pds-backlog-ci-scratch-target
open-normalise	pds-backlog-delete-reconciliation
open-normalise	pds-backlog-export-edge-idle-timeout
open-normalise	pds-backlog-flat-verb-workspace-honesty
open-normalise	pds-backlog-g8-identity-reconciliation
open-normalise	pds-backlog-import-savepoint-honesty
open-normalise	pds-bl-admin-token-mint-path
open-normalise	pds-bl-artdir-no-cleanup
open-normalise	pds-bl-artifact-dir-retention
open-normalise	pds-bl-autostamp-elixir-guard
open-normalise	pds-bl-bandit-request-line-ceiling
open-normalise	pds-bl-blob-sidecar-byte-verify
open-normalise	pds-bl-blob-storage-readback
open-normalise	pds-bl-bootstrap-cross-tenant-theft
open-normalise	pds-bl-charter-line-refs-stale
open-normalise	pds-bl-charter-slot-durability
open-normalise	pds-bl-clean-import-ungated-500
open-normalise	pds-bl-clear-pull-provenance
open-normalise	pds-bl-close-audit-gaps
open-normalise	pds-bl-close-holder-and-criteria-gate
open-normalise	pds-bl-collect-stillrunning-hides-force
open-normalise	pds-bl-counts-perspective-honesty
open-normalise	pds-bl-d220a-keyed-on-a-proxy
open-normalise	pds-bl-deploy-success-without-advance
open-normalise	pds-bl-deployed-sha-override-unimplemented
open-normalise	pds-bl-doc-patch-propagation-lag
open-normalise	pds-bl-export-pool-starvation
open-normalise	pds-bl-export-single-flight-guard
open-normalise	pds-bl-export-teardown-lockstep-untested
open-normalise	pds-bl-format-drift-hygiene
open-normalise	pds-bl-gate-b-anticorrelated
open-normalise	pds-bl-guerrilla-ssr-leftovers
open-normalise	pds-bl-harness-not-relocatable
open-normalise	pds-bl-hook-observed-rev-defeats-fence
open-normalise	pds-bl-import-409-http-test
open-normalise	pds-bl-import-receipt-counts
open-normalise	pds-bl-large-task-write-500
open-normalise	pds-bl-launcher-statedir-fresh-transcript
open-normalise	pds-bl-legb-visibility-control-n3
open-normalise	pds-bl-lifecycle-check-precondition
open-normalise	pds-bl-manifest-writes-fails-open
open-normalise	pds-bl-merge-gate-key-unimplemented
open-normalise	pds-bl-metric-orphan-schema-row
open-normalise	pds-bl-nonint-comparison-fallthrough
open-normalise	pds-bl-owner-walk-reaches-the-mint
open-normalise	pds-bl-park-note-evaporates
open-normalise	pds-bl-peak-budget-enforcement
open-normalise	pds-bl-peak-lock-sequencing
open-normalise	pds-bl-personal-local-doc-staleness
open-normalise	pds-bl-pid-live-identity-blind
open-normalise	pds-bl-pin-webhook-deliveries-inner-join
open-normalise	pds-bl-plugin-cli-command-writes-fails-open
open-normalise	pds-bl-plugin-doc-state-classification
open-normalise	pds-bl-private-orphan-roster-probe
open-normalise	pds-bl-provision-schemas-pulled-warning
open-normalise	pds-bl-repull-into-populated-target-500
open-normalise	pds-bl-rss-ambient-caveat
open-normalise	pds-bl-rung6-percolumn-invisible-on-green
open-normalise	pds-bl-sampler-window-default-retired-engine
open-normalise	pds-bl-scratch-pointer-concurrency
open-normalise	pds-bl-scratch-pointer-explicit-default
open-normalise	pds-bl-scripts-md-budgets-unenforced
open-normalise	pds-bl-secret-scan-invisible-tables
open-normalise	pds-bl-site-create-ambient-dataset
open-normalise	pds-bl-sobelow-baseline-line-shift-reconcile
open-normalise	pds-bl-sobelow-baseline-line-shift-tenancy
open-normalise	pds-bl-spill-dir-path-drift
open-normalise	pds-bl-stamp-silent-noop
open-normalise	pds-bl-stamp-trailing-newline-deadend
open-normalise	pds-bl-step1-grain-no-control
open-normalise	pds-bl-step3-control-leg-grammar-guard
open-normalise	pds-bl-step6-tag-exclusion-stale-comment
open-normalise	pds-bl-streaming-workspace-export
open-normalise	pds-bl-task-events-carry-no-worker
open-normalise	pds-bl-tickets-local-otp28-divergence
open-normalise	pds-bl-token-deny-control-ammo
open-normalise	pds-bl-w13-cond-d-no-reservation
open-normalise	pds-bl-w14-round2-standdown-risk
open-normalise	pds-bl-w14-standdown-token-ruling
open-normalise	pds-bl-w16-arm-never-records-its-own-floor
open-normalise	pds-bl-w16-failed-refetch-destroys-parked-bundle
open-normalise	pds-bl-w16-full-meta-permissive-default
open-normalise	pds-bl-w16-launcher-one-shot-burns-the-window
open-normalise	pds-bl-w16-prewarm-warms-the-wrong-build-tree
open-normalise	pds-bl-w16-sampler-loses-its-own-evidence
open-normalise	pds-bl-whole-workspace-shared-slug-stamp
open-normalise	pds-crown-stamp-readback-evidence-diff
open-normalise	pds-w10-correlation-truncation-correction
open-normalise	pds-w11-d193-leg-tension
open-normalise	pds-w11-janitor-engine-handshake
open-normalise	pds-w11-router-export-comment-drift
open-normalise	pds-w11-storage-honest-envelope
open-normalise	pds-w13-uphint-cold-prod-aware
open-normalise	pds-w22-deploy-readback
open-normalise	pds-w23-triage-round
open-normalise	pds-w3-shares-fidelity
open-normalise	pds-w5-citation-grep-honesty
open-normalise	pds-w9-stale-2231-in-papers
open-normalise	task-015fb9866bc2cc59
open-normalise	task-5c4f2673778d5ff0
open-normalise	task-fff1116564723b60
parked	pds-bl-bp-search-false-negative
parked	pds-bl-documents-chunk-near-peer
parked	pds-bl-export-latency-instrument
parked	pds-bl-full-export-store-host-scoping
parked	pds-bl-guerrilla-stale-build-prod-trap
parked	pds-bl-legb-visibility-false-red
parked	pds-bl-publish-wall-tag-count-hint
parked	pds-bl-source-box-too-small-for-full-export
parked	pds-bl-step5-faildemo-passline-selfdescription
parked	pds-bl-tag-schema-frozen-in-stamped-slot
parked	pds-bl-w13-export-duration-unmeasured
parked	pds-bl-w13-spill-dir-full-export-unobserved
parked	pds-bl-w13-stale-worktree-prune
parked	pds-bl-w13-window-episode-n1
parked	pds-sheets-linearity-deterministic-guard
parked	pds-w10-climb-in-the-post-deploy-window
parked	pds-w10-fence-provenance-unknown
parked	pds-w11-paired-control-measure
parked	pds-w12-measure
parked	pds-w12-stamp-trailing-newline-gap
parked	pds-w16-prewarm-cc-dev-leg
parked	pds-w20-crown-collect-and-seal
parked	pds-w20-crown-fire
parked	pds-w8-schema-column-count-gap
parked	task-328621eadb772c81
parked	task-8db002bc83e78718
parked	task-e7bd4b127aaee4fc
terminal-with-disposition	pds-barkpark-stop-4000-fallback
terminal-with-disposition	pds-bl-bounded-import-unpack
terminal-with-disposition	pds-bl-export-controller-matcherror-on-disconnect
terminal-with-disposition	pds-bl-start-server-trusts-the-pidfile
terminal-with-disposition	pds-bl-surface-durable-reason
terminal-with-disposition	pds-bl-task-create-dedup-scan-lies
terminal-with-disposition	pds-w22-close-holder-criteria-honesty
terminal-with-disposition	pds-w22-deploy-stamp-and-harness
terminal-with-disposition	pds-w22-manifest-and-counts-honesty
terminal-with-disposition	pds-w22-receipt-and-sidecar-honesty
terminal-with-disposition	pds-w22-status-commit-read-path
terminal-with-disposition	pds-w22-triage-harness-and-crown-family
terminal-with-disposition	pds-w22-triage-remaining-rows
terminal-with-disposition	pds-w24-census-instrument
terminal-with-disposition	pds-w24-hollowness-unwritable
